<?xml version="1.0" encoding="UTF-8" ?>
<!DOCTYPE log4j:configuration SYSTEM "log4j.dtd" [
    <!ENTITY logDir "/opt/lumify/logs">

    <!-- Pattern: %d{yyyy-MM-dd HH:mm:ss.SSS/zzz} %-5p [%c{3}] %m%n -->
    <!ENTITY pattern "&#37;d{yyyy-MM-dd HH:mm:ss.SSS/zzz} &#37;-5p [&#37;c{3}] &#37;m&#37;n">
]
>

<log4j:configuration xmlns:log4j="http://jakarta.apache.org/log4j/">

    <appender name="console" class="org.apache.log4j.ConsoleAppender">
        <layout class="org.apache.log4j.PatternLayout">
            <param name="ConversionPattern" value="&pattern;" />
        </layout>
    </appender>

    <appender name="log" class="org.apache.log4j.RollingFileAppender">
        <param name="File" value="&logDir;/lumify${logFileSuffix}.log" />
        <param name="MaxFileSize" value="32MB" />
        <param name="MaxBackupIndex" value="2" />
        <layout class="org.apache.log4j.PatternLayout">
            <param name="ConversionPattern" value="&pattern;" />
        </layout>
    </appender>

    <logger name="com.altamiracorp" additivity="false">
        <level value="DEBUG" />
        <appender-ref ref="log" />
    </logger>
    <logger name="org.securegraph" additivity="false">
        <level value="DEBUG" />
        <appender-ref ref="log" />
    </logger>
    <logger name="io.lumify" additivity="false">
        <level value="DEBUG" />
        <appender-ref ref="log" />
    </logger>

    <root>
        <level value="WARN" />
        <appender-ref ref="console" />
        <appender-ref ref="log" />
    </root>

</log4j:configuration>
